{"2617": ["255", "Grant                    Hill                     "], "847": ["406", "Shaquille                O'Neal                   "], "2619": ["436", "Juwan                    Howard                   "], "2616": ["467", "Jason                    Kidd                     "], "2986": ["686", "Antonio                  McDyess                  "], "3002": ["689", "Theo                     Ratliff                  "], "2985": ["693", "Joe                      Smith                    "], "2994": ["703", "Kurt                     Thomas                   "], "2989": ["708", "Kevin                    Garnett                  "], "2987": ["711", "Jerry                    Stackhouse               "], "2988": ["739", "Rasheed                  Wallace                  "], "3066": ["948", "Marcus                   Camby                    "], "3062": ["951", "Ray                      Allen                    "], "3099": ["956", "Erick                    Dampier                  "], "3085": ["959", "Steve                    Nash                     "], "3107": ["965", "Derek                    Fisher                   "], "3100": ["977", "Kobe                     Bryant                   "], "3101": ["978", "Peja                     Stojakovic               "], "3102": ["979", "Jermaine                 O'Neal                   "], "3103": ["980", "Zydrunas                 Ilgauskas                "], "3131": ["1112", "Ben                      Wallace                  "], "3155": ["1495", "Tim                      Duncan                   "], "3156": ["1497", "Chauncey                 Billups                  "], "3157": ["1498", "Antonio                  Daniels                  "], "3158": ["1499", "Tony                     Battie                   "], "3161": ["1503", "Tracy                    McGrady                  "], "3153": ["1515", "Anthony                  Parker                   "], "3192": ["1536", "Stephen                  Jackson                  "], "3290": ["1630", "Mikki                    Moore                    "], "3227": ["1710", "Mike                     Bibby                    "], "3229": ["1712", "Antawn                   Jamison                  "], "3230": ["1713", "Vince                    Carter                   "], "3232": ["1715", "Jason                    Williams                 "], "3233": ["1716", "Larry                    Hughes                   "], "3234": ["1717", "Dirk                     Nowitzki                 "], "3235": ["1718", "Paul                     Pierce                   "], "3247": ["1730", "Brian                    Skinner                  "], "3250": ["1733", "Al                       Harrington               "], "3254": ["1737", "Nazr                     Mohammed                 "], "3257": ["1740", "Rashard                  Lewis                    "], "3269": ["1752", "Sean                     Marks                    "], "3304": ["1800", "Damon                    Jones                    "], "3287": ["1802", "Brad                     Miller                   "], "3377": ["1853", "Anthony                  Carter                   "], "3293": ["1863", "Earl                     Boykins                  "], "3306": ["6274", "Elton                    Brand                    "], "3308": ["1884", "Baron                    Davis                    "], "3309": ["1885", "Lamar                    Odom                     "], "3312": ["1888", "Richard                  Hamilton                 "], "3313": ["1889", "Andre                    Miller                   "], "3314": ["1890", "Shawn                    Marion                   "], "3315": ["1891", "Jason                    Terry                    "], "3318": ["1894", "Corey                    Maggette                 "], "3321": ["1897", "Metta                    World Peace              "], "3323": ["1899", "James                    Posey                    "], "3326": ["1902", "Jeff                     Foster                   "], "3329": ["1905", "Andrei                   Kirilenko                "], "3345": ["1922", "Francisco                Elson                    "], "3361": ["1938", "Manu                     Ginobili                 "], "3448": ["1952", "Raja                     Bell                     "], "3381": ["2030", "Kenyon                   Martin                   "], "3385": ["2034", "Mike                     Miller                   "], "3388": ["2037", "Jamal                    Crawford                 "], "3389": ["2038", "Joel                     Przybilla                "], "3390": ["2039", "Keyon                    Dooling                  "], "3392": ["2041", "Etan                     Thomas                   "], "3396": ["2045", "Hedo                     Turkoglu                 "], "3398": ["2047", "Quentin                  Richardson               "], "3399": ["2048", "Jamaal                   Magloire                 "], "3401": ["2050", "Morris                   Peterson                 "], "3403": ["2052", "DeShawn                  Stevenson                "], "3418": ["2059", "Eduardo                  Najera                   "], "3417": ["2067", "Eddie                    House                    "], "3423": ["2072", "Michael                  Redd                     "], "3424": ["2073", "Brian                    Cardinal                 "], "3488": ["2124", "Malik                    Allen                    "], "3482": ["2137", "Ime                      Udoka                    "], "3492": ["2198", "Kwame                    Brown                    "], "3493": ["2199", "Tyson                    Chandler                 "], "3494": ["2200", "Pau                      Gasol                    "], "3495": ["2201", "Eddy                     Curry                    "], "3496": ["2202", "Jason                    Richardson               "], "3497": ["2203", "Shane                    Battier                  "], "3499": ["2205", "DeSagana                 Diop                     "], "3501": ["2207", "Joe                      Johnson                  "], "3503": ["2209", "Vladimir                 Radmanovic               "], "3504": ["2210", "Richard                  Jefferson                "], "3505": ["2211", "Troy                     Murphy                   "], "3511": ["2215", "Jason                    Collins                  "], "3512": ["2216", "Zach                     Randolph                 "], "3513": ["2217", "Brendan                  Haywood                  "], "3514": ["2222", "Gerald                   Wallace                  "], "3515": ["2223", "Samuel                   Dalembert                "], "3509": ["2224", "Jamaal                   Tinsley                  "], "3508": ["2225", "Tony                     Parker                   "], "75211": ["2229", "Mike                     James                    "], "66922": ["2230", "Maurice                  Evans                    "], "3521": ["2240", "Gilbert                  Arenas                   "], "3525": ["2243", "Brian                    Scalabrine               "], "3528": ["2246", "Mehmet                   Okur                     "], "3530": ["2248", "Earl                     Watson                   "], "3532": ["2250", "Bobby                    Simmons                  "], "3543": ["2260", "Jarron                   Collins                  "], "66924": ["2294", "Charlie                  Bell                     "], "75219": ["2306", "Carlos                   Arroyo                   "], "75344": ["2365", "Chris                    Andersen                 "], "173388": ["2366", "Mike                     Wilks                    "], "168064": ["2397", "Ming                     Yao                      "], "168066": ["2399", "Mike                     Dunleavy                 "], "168010": ["2400", "Drew                     Gooden                   "], "168011": ["1626889", "Nikoloz                  Tskitshvili              "], "168013": ["2403", "Nene                     Hilario                  "], "168014": ["2404", "Chris                    Wilcox                   "], "168015": ["2405", "Amar'e                   Stoudemire               "], "168016": ["2406", "Caron                    Butler                   "], "168017": ["2407", "Jared                    Jeffries                 "], "168018": ["2408", "Melvin                   Ely                      "], "168029": ["2419", "Tayshaun                 Prince                   "], "168030": ["2420", "Nenad                    Krstic                   "], "168032": ["2422", "John                     Salmons                  "], "168036": ["2427", "Roger                    Mason Jr.                "], "168039": ["2429", "Dan                      Gadzuric                 "], "168040": ["2430", "Carlos                   Boozer                   "], "168042": ["2431", "David                    Andersen                 "], "168051": ["2440", "Matt                     Barnes                   "], "168055": ["2443", "Darius                   Songaila                 "], "168058": ["2446", "Rasual                   Butler                   "], "168061": ["2449", "Luis                     Scola                    "], "171438": ["2457", "Jannero                  Pargo                    "], "173147": ["2501", "Reggie                   Evans                    "], "214152": ["2544", "LeBron                   James                    "], "214153": ["2545", "Darko                    Milicic                  "], "172890": ["2546", "Carmelo                  Anthony                  "], "172631": ["2547", "Chris                    Bosh                     "], "61849": ["2548", "Dwyane                   Wade                     "], "62176": ["2549", "Chris                    Kaman                    "], "57820": ["2550", "Kirk                     Hinrich                  "], "65799": ["2551", "T.J.                     Ford                     "], "214154": ["2554", "Mickael                  Pietrus                  "], "57819": ["2555", "Nick                     Collison                 "], "58067": ["2556", "Marcus                   Banks                    "], "62414": ["2557", "Luke                     Ridnour                  "], "57934": ["2561", "David                    West                     "], "214156": ["2562", "Sasha                    Pavlovic                 "], "55160": ["2563", "Dahntay                  Jones                    "], "214157": ["2564", "Boris                    Diaw                     "], "214159": ["2566", "Travis                   Outlaw                   "], "58102": ["2567", "Brian                    Cook                     "], "214160": ["2568", "Carlos                   Delfino                  "], "214162": ["2570", "Kendrick                 Perkins                  "], "214163": ["2571", "Leandro                  Barbosa                  "], "58063": ["2572", "Josh                     Howard                   "], "58213": ["2574", "Jason                    Kapono                   "], "54865": ["2575", "Luke                     Walton                   "], "395648": ["202712", "Justin                   Harper                   "], "58258": ["2581", "Steve                    Blake                    "], "58948": ["2584", "Willie                   Green                    "], "214168": ["2585", "Zaza                     Pachulia                 "], "58214": ["2586", "Keith                    Bogans                   "], "57782": ["2588", "Matt                     Bonner                   "], "65834": ["2590", "Mo                       Williams                 "], "58360": ["2592", "James                    Jones                    "], "58293": ["2594", "Kyle                     Korver                   "], "225415": ["2605", "Marquis                  Daniels                  "], "226806": ["2617", "Udonis                   Haslem                   "], "229163": ["2624", "Quinton                  Ross                     "], "59152": ["2648", "Ronald                   Dupree                   "], "237639": ["2668", "Josh                     Davis                    "], "57830": ["2679", "Matt                     Carroll                  "], "65750": ["2694", "Josh                     Powell                   "], "253975": ["2730", "Dwight                   Howard                   "], "65903": ["2731", "Emeka                    Okafor                   "], "65900": ["2732", "Ben                      Gordon                   "], "253980": ["2733", "Shaun                    Livingston               "], "65820": ["2734", "Devin                    Harris                   "], "75956": ["2735", "Josh                     Childress                "], "229569": ["2736", "Luol                     Deng                     "], "173004": ["2738", "Andre                    Iguodala                 "], "253989": ["2740", "Andris                   Biedrins                 "], "253992": ["2742", "Sebastian                Telfair                  "], "229649": ["2743", "Kris                     Humphries                "], "253995": ["2744", "Al                       Jefferson                "], "253996": ["2746", "Josh                     Smith                    "], "253997": ["2747", "JR                       Smith                    "], "253998": ["2748", "Dorell                   Wright                   "], "61934": ["2749", "Jameer                   Nelson                   "], "66244": ["2753", "Delonte                  West                     "], "172922": ["2754", "Tony                     Allen                    "], "66903": ["2755", "Kevin                    Martin                   "], "254006": ["2756", "Sasha                    Vujacic                  "], "254007": ["2757", "Beno                     Udrih                    "], "254009": ["2760", "Anderson                 Varejao                  "], "62151": ["2765", "Andre                    Emmett                   "], "62142": ["2767", "Royal                    Ivey                     "], "62845": ["2768", "Chris                    Duhon                    "], "229738": ["2772", "Trevor                   Ariza                    "], "262443": ["2788", "DJ                       Mbenga                   "], "267096": ["2804", "Andres                   Nocioni                  "], "58414": ["2853", "Earl                     Barron                   "], "57795": ["2863", "Damien                   Wilkins                  "], "524952": ["204065", "David                    Stockton                 "], "229912": ["101106", "Andrew                   Bogut                    "], "263884": ["101107", "Marvin                   Williams                 "], "229598": ["101108", "Chris                    Paul                     "], "174063": ["101109", "Raymond                  Felton                   "], "292385": ["101110", "Martell                  Webster                  "], "229764": ["101111", "Charlie                  Villanueva               "], "65871": ["101112", "Channing                 Frye                     "], "172546": ["101113", "Ike                      Diogu                    "], "172537": ["101114", "Deron                    Williams                 "], "292387": ["101115", "Andrew                   Bynum                    "], "172962": ["101120", "Antoine                  Wright                   "], "63432": ["101121", "Joey                     Graham                   "], "66433": ["101122", "Danny                    Granger                  "], "292391": ["101123", "Gerald                   Green                    "], "65926": ["101124", "Hakim                    Warrick                  "], "172997": ["101126", "Nate                     Robinson                 "], "178537": ["101127", "Jarrett                  Jack                     "], "174054": ["101128", "Francisco                Garcia                   "], "66101": ["101129", "Luther                   Head                     "], "292392": ["101130", "Johan                    Petro                    "], "65968": ["101131", "Jason                    Maxiell                  "], "229768": ["101132", "Linas                    Kleiza                   "], "292393": ["101133", "Ian                      Mahinmi                  "], "65840": ["101135", "David                    Lee                      "], "229792": ["101138", "Brandon                  Bass                     "], "292394": ["101139", "CJ                       Miles                    "], "292396": ["101141", "Ersan                    Ilyasova                 "], "76721": ["101142", "Ronny                    Turiaf                   "], "229987": ["101144", "Von                      Wafer                    "], "292397": ["101145", "Monta                    Ellis                    "], "292401": ["101150", "Lou                      Williams                 "], "292403": ["101153", "Mickael                  Gelabale                 "], "292404": ["101154", "Andray                   Blatche                  "], "65910": ["101155", "Ryan                     Gomes                    "], "62100": ["101158", "Orien                    Greene                   "], "292407": ["101161", "Amir                     Johnson                  "], "292408": ["101162", "Marcin                   Gortat                   "], "296441": ["101177", "Fabricio                 Oberto                   "], "76032": ["101179", "Ronnie                   Price                    "], "296475": ["101181", "Jose                     Calderon                 "], "172642": ["101183", "Shavlik                  Randolph                 "], "66858": ["101187", "Alan                     Anderson                 "], "66594": ["101189", "James                    Singleton                "], "65868": ["101198", "Will                     Bynum                    "], "66245": ["101204", "Dwayne                   Jones                    "], "63434": ["101211", "Stephen                  Graham                   "], "76156": ["101214", "Jawad                    Williams                 "], "65890": ["101215", "Will                     Conroy                   "], "172528": ["101235", "Kelenna                  Azubuike                 "], "65844": ["101236", "Chuck                    Hayes                    "], "65759": ["101249", "John                     Lucas III                "], "310086": ["200081", "Jamario                  Moon                     "], "329185": ["200745", "Andrea                   Bargnani                 "], "266554": ["200746", "LaMarcus                 Aldridge                 "], "263902": ["200748", "Tyrus                    Thomas                   "], "172645": ["200749", "Shelden                  Williams                 "], "172998": ["200750", "Brandon                  Roy                      "], "172692": ["200751", "Randy                    Foye                     "], "266358": ["200752", "Rudy                     Gay                      "], "172643": ["200755", "JJ                       Redick                   "], "172881": ["200756", "Hilton                   Armstrong                "], "329187": ["200757", "Thabo                    Sefolosha                "], "229955": ["200758", "Ronnie                   Brewer                   "], "172577": ["200760", "Rodney                   Carney                   "], "264019": ["200761", "Shawne                   Williams                 "], "329188": ["200762", "Oleksiy                  Pecherov                 "], "229879": ["200764", "Renaldo                  Balkman                  "], "262882": ["200765", "Rajon                    Rondo                    "], "266394": ["200768", "Kyle                     Lowry                    "], "230001": ["200769", "Shannon                  Brown                    "], "263231": ["200770", "Jordan                   Farmar                   "], "329189": ["200771", "Sergio                   Rodriguez                "], "172616": ["200772", "Maurice                  Ager                     "], "174867": ["200776", "Mardy                    Collins                  "], "329190": ["200777", "Joel                     Freeland                 "], "65839": ["200778", "James                    White                    "], "172571": ["200779", "Steve                    Novak                    "], "263012": ["200780", "Solomon                  Jones                    "], "229602": ["200782", "PJ                       Tucker                   "], "172884": ["200783", "Craig                    Smith                    "], "266557": ["200789", "Daniel                   Gibson                   "], "237675": ["200794", "Paul                     Millsap                  "], "229724": ["200796", "Leon                     Powe                     "], "177575": ["200797", "Ryan                     Hollins                  "], "172879": ["200809", "Chris                    Quinn                    "], "66027": ["200811", "Lou                      Amundson                 "], "174764": ["200817", "Pooh                     Jeter                    "], "229637": ["200821", "Yakhouba                 Diawara                  "], "173165": ["200822", "Pops                     Mensah-Bonsu             "], "173520": ["200826", "J.J.                     Barea                    "], "65940": ["200839", "Mike                     Harris                   "], "66269": ["201041", "Walker                   Russell                  "], "329469": ["201141", "Greg                     Oden                     "], "329525": ["201142", "Kevin                    Durant                   "], "280587": ["201143", "Al                       Horford                  "], "329468": ["201144", "Mike                     Conley                   "], "266367": ["201145", "Jeff                     Green                    "], "393433": ["201146", "Jianlian                 Yi                       "], "263217": ["201147", "Corey                    Brewer                   "], "329675": ["201148", "Brandan                  Wright                   "], "263220": ["201149", "Joakim                   Noah                     "], "329824": ["201150", "Spencer                  Hawes                    "], "229589": ["201151", "Acie                     Law                      "], "329683": ["201152", "Thaddeus                 Young                    "], "296574": ["201153", "Julian                   Wright                   "], "229986": ["201154", "Al                       Thornton                 "], "278110": ["201155", "Rodney                   Stuckey                  "], "263228": ["201156", "Nick                     Young                    "], "263267": ["201157", "Sean                     Williams                 "], "393434": ["201158", "Marco                    Belinelli                "], "263894": ["201160", "Jason                    Smith                    "], "329471": ["201161", "Daequan                  Cook                     "], "241712": ["201162", "Jared                    Dudley                   "], "295941": ["201163", "Wilson                   Chandler                 "], "393435": ["201164", "Rudy                     Fernandez                "], "229631": ["201165", "Morris                   Almond                   "], "229726": ["201166", "Aaron                    Brooks                   "], "263229": ["201167", "Arron                    Afflalo                  "], "393436": ["201168", "Tiago                    Splitter                 "], "263028": ["201171", "Carl                     Landry                   "], "296391": ["201173", "Marcus                   Williams                 "], "263904": ["201175", "Glen                     Davis                    "], "295927": ["201177", "Josh                     McRoberts                "], "393438": ["201178", "Kyrylo                   Fesenko                  "], "173920": ["201182", "Derrick                  Byars                    "], "229723": ["201187", "Dominic                  McGuire                  "], "393441": ["201188", "Marc                     Gasol                    "], "229898": ["201189", "Aaron                    Gray                     "], "278479": ["201196", "Ramon                    Sessions                 "], "265013": ["201202", "Joel                     Anthony                  "], "229561": ["201203", "Mustafa                  Shakur                   "], "229826": ["201208", "Darryl                   Watkins                  "], "174025": ["201228", "C.J.                     Watson                   "], "229905": ["201229", "Anthony                  Tolliver                 "], "301807": ["201234", "Trey                     Johnson                  "], "172635": ["201238", "Mario                    West                     "], "295791": ["201274", "Ivan                     Johnson                  "], "421084": ["201286", "Eric                     Dawson                   "], "242654": ["201291", "Carldell                 Johnson                  "], "229993": ["201336", "Blake                    Ahearn                   "], "405345": ["201563", "Michael                  Beasley                  "], "395372": ["201564", "O.J.                     Mayo                     "], "399612": ["201565", "Derrick                  Rose                     "], "329830": ["201566", "Russell                  Westbrook                "], "395374": ["201567", "Kevin                    Love                     "], "456448": ["201568", "Danilo                   Gallinari                "], "401085": ["201569", "Eric                     Gordon                   "], "297594": ["201570", "Joe                      Alexander                "], "329524": ["201571", "D.J.                     Augustin                 "], "330047": ["201572", "Brook                    Lopez                    "], "395391": ["201573", "Jerryd                   Bayless                  "], "278317": ["201574", "Jason                    Thompson                 "], "303807": ["201575", "Brandon                  Rush                     "], "398589": ["201576", "Anthony                  Randolph                 "], "330050": ["201577", "Robin                    Lopez                    "], "330421": ["201578", "Marreese                 Speights                 "], "266369": ["201579", "Roy                      Hibbert                  "], "333212": ["201580", "JaVale                   McGee                    "], "400585": ["201581", "JJ                       Hickson                  "], "456449": ["201582", "Alexis                   Ajinca                   "], "329715": ["201583", "Ryan                     Anderson                 "], "276755": ["201584", "Courtney                 Lee                      "], "398066": ["201585", "Kosta                    Koufos                   "], "456450": ["201586", "Serge                    Ibaka                    "], "456451": ["201587", "Nicolas                  Batum                    "], "277552": ["201588", "George                   Hill                     "], "330347": ["201589", "Darrell                  Arthur                   "], "402382": ["201590", "Donte                    Greene                   "], "264163": ["201591", "DJ                       White                    "], "456452": ["201593", "Nikola                   Pekovic                  "], "264070": ["201594", "Walter                   Sharpe                   "], "264017": ["201595", "Joey                     Dorsey                   "], "296572": ["201596", "Mario                    Chalmers                 "], "398142": ["201599", "DeAndre                  Jordan                   "], "456453": ["201600", "Omer                     Asik                     "], "295436": ["201601", "Luc                      Mbah a Moute             "], "266451": ["201602", "Kyle                     Weaver                   "], "332695": ["201603", "Sonny                    Weems                    "], "295813": ["201604", "Chris                    Douglas-Roberts          "], "229772": ["201607", "Patrick                  Ewing                    "], "456456": ["201609", "Goran                    Dragic                   "], "351927": ["201611", "Henry                    Walker                   "], "263246": ["201616", "Darnell                  Jackson                  "], "263245": ["201619", "Sasha                    Kaun                     "], "456458": ["201623", "Semih                    Erden                    "], "263899": ["201627", "Anthony                  Morrow                   "], "242307": ["201628", "Bobby                    Brown                    "], "473976": ["201632", "Hamed                    Haddadi                  "], "229882": ["201645", "Tre                      Kelley                   "], "301795": ["201785", "Othyus                   Jeffers                  "], "229572": ["201814", "Gary                     Forbes                   "], "229758": ["201858", "Cartier                  Martin                   "], "263025": ["201880", "Greg                     Stiemsma                 "], "399725": ["201933", "Blake                    Griffin                  "], "329487": ["201934", "Hasheem                  Thabeet                  "], "395388": ["201935", "James                    Harden                   "], "464841": ["201936", "Tyreke                   Evans                    "], "503689": ["201937", "Ricky                    Rubio                    "], "402381": ["201938", "Jonny                    Flynn                    "], "338365": ["201939", "Stephen                  Curry                    "], "329711": ["201941", "Jordan                   Hill                     "], "457594": ["201942", "DeMar                    DeRozan                  "], "478196": ["201943", "Brandon                  Jennings                 "], "297568": ["201944", "Terrence                 Williams                 "], "329887": ["201945", "Gerald                   Henderson                "], "295923": ["201946", "Tyler                    Hansbrough               "], "332500": ["201947", "Earl                     Clark                    "], "400612": ["201948", "Austin                   Daye                     "], "398037": ["201949", "James                    Johnson                  "], "457576": ["201950", "Jrue                     Holiday                  "], "329672": ["201951", "Ty                       Lawson                   "], "398043": ["201952", "Jeff                     Teague                   "], "300788": ["201953", "Eric                     Maynor                   "], "295432": ["201954", "Darren                   Collison                 "], "503779": ["201956", "Omri                     Casspi                   "], "468576": ["201957", "Byron                    Mullens                  "], "503780": ["201958", "Rodrigue                 Beaubois                 "], "330057": ["201959", "Taj                      Gibson                   "], "262890": ["201960", "DeMarre                  Carroll                  "], "329670": ["201961", "Wayne                    Ellington                "], "262894": ["201962", "Toney                    Douglas                  "], "503791": ["201963", "Christian                Eyenga                   "], "503773": ["201964", "Victor                   Claver                   "], "295420": ["201965", "Jeff                     Ayres                    "], "295265": ["201966", "Jermaine                 Taylor                   "], "295799": ["201967", "Dante                    Cunningham               "], "332668": ["201969", "DaJuan                   Summers                  "], "297592": ["201970", "Sam                      Young                    "], "402377": ["201971", "DeJuan                   Blair                    "], "295407": ["201972", "Jon                      Brockman                 "], "503807": ["201973", "Jonas                    Jerebko                  "], "295773": ["201974", "Derrick                  Brown                    "], "329862": ["201975", "Jodie                    Meeks                    "], "332691": ["201976", "Patrick                  Beverley                 "], "398590": ["201977", "Marcus                   Thornton                 "], "329710": ["201978", "Chase                    Budinger                 "], "400594": ["201979", "Nick                     Calathes                 "], "295922": ["201980", "Danny                    Green                    "], "329482": ["201985", "AJ                       Price                    "], "503810": ["201986", "Nando                    De Colo                  "], "264166": ["201987", "Robert                   Vaden                    "], "411562": ["201988", "Patty                    Mills                    "], "411378": ["201991", "Lester                   Hudson                   "], "296943": ["202068", "Marcus                   Landry                   "], "263903": ["202066", "Garrett                  Temple                   "], "303944": ["202067", "Diamon                   Simpson                  "], "295808": ["202077", "Jerel                    McNeal                   "], "282037": ["202081", "Garret                   Siler                    "], "278294": ["202082", "Larry                    Owens                    "], "295809": ["202083", "Wesley                   Matthews                 "], "296605": ["202087", "Alonzo                   Gee                      "], "297774": ["202091", "Dionte                   Christmas                "], "278973": ["202130", "Reggie                   Williams                 "], "303308": ["202148", "Mickell                  Gladness                 "], "262876": ["202178", "Sundiata                 Gaines                   "], "411506": ["202197", "Shane                    Edwards                  "], "229861": ["202220", "Zabian                   Dowdell                  "], "229575": ["202221", "Brian                    Butch                    "], "295962": ["202227", "Terrel                   Harris                   "], "509456": ["202322", "John                     Wall                     "], "398068": ["202323", "Evan                     Turner                   "], "502808": ["202324", "Derrick                  Favors                   "], "329544": ["202325", "Wesley                   Johnson                  "], "509450": ["202326", "DeMarcus                 Cousins                  "], "331197": ["202327", "Ekpe                     Udoh                     "], "467468": ["202328", "Greg                     Monroe                   "], "457688": ["202329", "Al-Farouq                Aminu                    "], "477667": ["202330", "Gordon                   Hayward                  "], "469218": ["202331", "Paul                     George                   "], "398443": ["202332", "Cole                     Aldrich                  "], "513058": ["202333", "Xavier                   Henry                    "], "462458": ["202334", "Ed                       Davis                    "], "399599": ["202335", "Patrick                  Patterson                "], "401618": ["202336", "Larry                    Sanders                  "], "462071": ["202337", "Luke                     Babbitt                  "], "550427": ["202338", "Kevin                    Seraphin                 "], "509449": ["202339", "Eric                     Bledsoe                  "], "513607": ["202340", "Avery                    Bradley                  "], "399702": ["202341", "James                    Anderson                 "], "399732": ["202342", "Craig                    Brackins                 "], "467272": ["202343", "Elliot                   Williams                 "], "330453": ["202344", "Trevor                   Booker                   "], "329527": ["202345", "Damion                   James                    "], "399661": ["202346", "Dominique                Jones                    "], "329825": ["202347", "Quincy                   Pondexter                "], "401082": ["202348", "Jordan                   Crawford                 "], "332666": ["202349", "Greivis                  Vasquez                  "], "509453": ["202350", "Daniel                   Orton                    "], "330408": ["202351", "Lazar                    Hayward                  "], "550428": ["202353", "Tibor                    Pleiss                   "], "329529": ["202354", "Dexter                   Pittman                  "], "513234": ["202355", "Hassan                   Whiteside                "], "400386": ["202356", "Armon                    Johnson                  "], "550431": ["202357", "Nemanja                  Bjelica                  "], "460886": ["202358", "Terrico                  White                    "], "400683": ["202359", "Darington                Hobson                   "], "296951": ["202360", "Andy                     Rautins                  "], "330046": ["202361", "Landry                   Fields                   "], "511057": ["202362", "Lance                    Stephenson               "], "332797": ["202363", "Jarvis                   Varnado                  "], "329846": ["202364", "Da'Sean                  Butler                   "], "469491": ["202365", "Devin                    Ebanks                   "], "329511": ["202366", "Jerome                   Jordan                   "], "401162": ["202371", "Gani                     Lawal                    "], "398062": ["202374", "Solomon                  Alabi                    "], "329857": ["202376", "Luke                     Harangody                "], "550436": ["202377", "Pape                     Sy                       "], "464318": ["202378", "Willie                   Warren                   "], "340764": ["202379", "Jeremy                   Evans                    "], "329875": ["202380", "Hamady                   Ndiaye                   "], "332502": ["202382", "Derrick                  Caracter                 "], "295851": ["202385", "Ryan                     Reid                     "], "329513": ["202386", "Ben                      Uzoh                     "], "330374": ["202388", "Donald                   Sloan                    "], "552679": ["202389", "Timofey                  Mozgov                   "], "173407": ["202390", "Gary                     Neal                     "], "340730": ["202391", "Jeremy                   Lin                      "], "340831": ["202392", "Marqus                   Blakely                  "], "331273": ["202394", "Matt                     Janning                  "], "330350": ["202395", "Sherron                  Collins                  "], "468847": ["202396", "Samardo                  Samuels                  "], "329873": ["202397", "Ish                      Smith                    "], "295794": ["1962937008", "Jeff                     Adrien                   "], "329481": ["202406", "Jerome                   Dyson                    "], "338887": ["202407", "Elijah                   Millsap                  "], "263260": ["202408", "Marcus                   Cousin                   "], "401093": ["202412", "Manny                    Harris                   "], "295387": ["202419", "Chris                    Johnson                  "], "295408": ["202458", "Justin                   Dentmon                  "], "301166": ["202464", "Devin                    Sweetney                 "], "329890": ["202498", "Lance                    Thomas                   "], "582909": ["203202", "Stefhon                  Hannah                   "], "332503": ["202536", "Jerry                    Smith                    "], "295780": ["202545", "Luke                     Zeller                   "], "575622": ["202550", "Josh                     Bostic                   "], "296950": ["202620", "Arinze                   Onuaku                   "], "460847": ["202622", "Courtney                 Fortson                  "], "551768": ["202681", "Kyrie                    Irving                   "], "509168": ["202682", "Derrick                  Williams                 "], "553574": ["202683", "Enes                     Kanter                   "], "552806": ["202684", "Tristan                  Thompson                 "], "599780": ["202685", "Jonas                    Valanciunas              "], "599786": ["202686", "Jan                      Vesely                   "], "599797": ["202687", "Bismack                  Biyombo                  "], "553575": ["202688", "Brandon                  Knight                   "], "462980": ["202689", "Kemba                    Walker                   "], "400661": ["202690", "Jimmer                   Fredette                 "], "457611": ["202691", "Klay                     Thompson                 "], "512995": ["202692", "Alec                     Burks                    "], "469085": ["202693", "Markieff                 Morris                   "], "469089": ["202694", "Marcus                   Morris                   "], "512591": ["202695", "Kawhi                    Leonard                  "], "457598": ["202696", "Nikola                   Vucevic                  "], "457186": ["202697", "Iman                     Shumpert                 "], "457185": ["202698", "Chris                    Singleton                "], "552523": ["202699", "Tobias                   Harris                   "], "599805": ["202700", "Donatas                  Motiejunas               "], "398429": ["202701", "Nolan                    Smith                    "], "411111": ["202702", "Kenneth                  Faried                   "], "599809": ["202703", "Nikola                   Mirotic                  "], "462444": ["202704", "Reggie                   Jackson                  "], "398434": ["202705", "MarShon                  Brooks                   "], "513608": ["202706", "Jordan                   Hamilton                 "], "398422": ["202707", "JaJuan                   Johnson                  "], "410831": ["202708", "Norris                   Cole                     "], "552805": ["202709", "Cory                     Joseph                   "], "458730": ["202710", "Jimmy                    Butler                   "], "599812": ["202711", "Bojan                    Bogdanovic               "], "398428": ["202713", "Kyle                     Singler                  "], "477669": ["202714", "Shelvin                  Mack                     "], "513492": ["202715", "Tyler                    Honeycutt                "], "510846": ["202716", "Jordan                   Williams                 "], "466777": ["202717", "Trey                     Thompkins                "], "400599": ["202718", "Chandler                 Parsons                  "], "599813": ["202719", "Jeremy                   Tyler                    "], "398090": ["202720", "Jon                      Leuer                    "], "511638": ["202721", "Darius                   Morris                   "], "599814": ["202722", "Davis                    Bertans                  "], "457569": ["202723", "Malcolm                  Lee                      "], "331234": ["202724", "Charles                  Jenkins                  "], "469488": ["202725", "Josh                     Harrellson               "], "410116": ["202726", "Andrew                   Goudelock                "], "466775": ["202727", "Travis                   Leslie                   "], "338709": ["202728", "Keith                    Benson                   "], "553138": ["202729", "Josh                     Selby                    "], "402984": ["202730", "Lavoy                    Allen                    "], "332667": ["202731", "Vernon                   Macklin                  "], "469487": ["202732", "DeAndre                  Liggins                  "], "398424": ["202734", "E'Twaun                  Moore                    "], "457605": ["202738", "Isaiah                   Thomas                   "], "338833": ["202775", "Edwin                    Ubiles                   "], "504885": ["202779", "Dwight                   Buycks                   "], "278762": ["202808", "Chris                    Daniels                  "], "405832": ["202809", "Cory                     Higgins                  "], "401680": ["202810", "D.J.                     Kennedy                  "], "411540": ["202814", "Mychel                   Thompson                 "], "405019": ["202815", "Jake                     Anderson                 "], "505056": ["202820", "Jarrid                   Famous                   "], "329868": ["202862", "Dennis                   Horner                   "], "395656": ["202874", "Chris                    Wright                   "], "313083": ["202880", "Jeff                     Foote                    "], "329551": ["202918", "Xavier                   Silas                    "], "399800": ["202933", "Julyan                   Stone                    "], "295903": ["202951", "Jeremy                   Pargo                    "], "411458": ["202952", "Malcolm                  Thomas                   "], "515415": ["202962", "Greg                     Smith                    "], "637935": ["202970", "Gustavo                  Ayon                     "], "266447": ["203006", "Josh                     Akognon                  "], "603096": ["203076", "Anthony                  Davis                    "], "603095": ["203077", "Michael                  Kidd-Gilchrist           "], "606912": ["203078", "Bradley                  Beal                     "], "552007": ["203079", "Dion                     Waiters                  "], "513057": ["203080", "Thomas                   Robinson                 "], "463121": ["203081", "Damian                   Lillard                  "], "550049": ["203082", "Terrence                 Ross                     "], "614746": ["203083", "Andre                    Drummond                 "], "552336": ["203084", "Harrison                 Barnes                   "], "601139": ["203085", "Austin                   Rivers                   "], "550131": ["203086", "Meyers                   Leonard                  "], "552980": ["203087", "Jeremy                   Lamb                     "], "552334": ["203088", "Kendall                  Marshall                 "], "502871": ["203089", "John                     Henson                   "], "609843": ["203090", "Maurice                  Harkless                 "], "511643": ["203091", "Royce                    White                    "], "462461": ["203092", "Tyler                    Zeller                   "], "553573": ["203093", "Terrence                 Jones                    "], "462970": ["203094", "Andrew                   Nicholson                "], "659767": ["203095", "Evan                     Fournier                 "], "552403": ["203096", "Jared                    Sullinger                "], "552006": ["203097", "Fab                      Melo                     "], "509472": ["203098", "John                     Jenkins                  "], "513339": ["203099", "Jared                    Cunningham               "], "607544": ["203100", "Tony                     Wroten                   "], "467271": ["203101", "Miles                    Plumlee                  "], "458982": ["203102", "Arnett                   Moultrie                 "], "551738": ["203103", "Perry                    Jones III                "], "603097": ["203104", "Marquis                  Teague                   "], "417020": ["203105", "Festus                   Ezeli                    "], "466798": ["203106", "Jeffery                  Taylor                   "], "659772": ["203107", "Tomas                    Satoransky               "], "552198": ["203108", "Bernard                  James                    "], "552381": ["203109", "Jae                      Crowder                  "], "468895": ["203110", "Draymond                 Green                    "], "411428": ["203111", "Orlando                  Johnson                  "], "469234": ["1626312", "Quincy                   Act                      "], "604683": ["203113", "Quincy                   Miller                   "], "512053": ["203114", "Khris                    Middleton                "], "551760": ["203115", "Will                     Barton                   "], "469083": ["203116", "Tyshawn                  Taylor                   "], "553576": ["203117", "Doron                    Lamb                     "], "398034": ["203118", "Mike                     Scott                    "], "458725": ["203119", "Kim                      English                  "], "458718": ["203120", "Justin                   Hamilton                 "], "469484": ["203121", "Darius                   Miller                   "], "477339": ["203122", "Kevin                    Murphy                   "], "659780": ["203123", "Kostas                   Papanikolaou             "], "483372": ["203124", "Kyle                     O'Quinn                  "], "463070": ["203126", "Kris                     Joseph                   "], "659783": ["203128", "Furkan                   Aldemir                  "], "659784": ["203129", "Tornike                  Shengelia                "], "504890": ["203130", "Darius                   Johnson-Odom             "], "398421": ["203133", "Robbie                   Hummel                   "], "400617": ["203135", "Robert                   Sacre                    "], "659782": ["203136", "Ognjen                   Kuzmic                   "], "513268": ["203138", "Hollis                   Thompson                 "], "683060": ["203139", "Viacheslav               Kravtsov                 "], "639311": ["203141", "Mirza                    Teletovic                "], "174092": ["203142", "Chris                    Copeland                 "], "552599": ["203143", "Pablo                    Prigioni                 "], "561872": ["203144", "Alexey                   Shved                    "], "410764": ["203145", "Kent                     Bazemore                 "], "513565": ["203146", "Maalik                   Wayns                    "], "436242": ["203147", "Chris                    Smith                    "], "263565": ["203148", "Brian                    Roberts                  "], "402986": ["203149", "Micheal                  Eric                     "], "467471": ["203156", "Henry                    Sims                     "], "469493": ["203158", "Kevin                    Jones                    "], "475539": ["203159", "Scott                    Machado                  "], "332793": ["203162", "Ben                      Hansbrough               "], "460836": ["203183", "Tony                     Mitchell                 "], "469333": ["203186", "Willie                   Reed                     "], "462745": ["203187", "Chris                    Johnson                  "], "469338": ["203189", "Tu                       Holloway                 "], "398067": ["203193", "Dallas                   Lauderdale               "], "457352": ["203195", "Michael                  Dunigan                  "], "399738": ["203197", "Diante                   Garrett                  "], "712289": ["203199", "DeQuan                   Jones                    "], "395365": ["203200", "Justin                   Holiday                  "], "402392": ["203203", "Chris                    Wright                   "], "460833": ["203210", "JaMychal                 Green                    "], "478206": ["203263", "James                    Nunnally                 "], "457350": ["203268", "Jorge                    Gutierrez                "], "470273": ["203315", "Toure'                   Murry                    "], "721571": ["203317", "Tim                      Ohlbrecht                "], "502812": ["203318", "Glen                     Rice                     "], "240513": ["203327", "Daniel                   Nwaelele                 "], "296379": ["203382", "Aron                     Baynes                   "], "699947": ["203457", "Nerlens                  Noel                     "], "616982": ["203458", "Alex                     Len                      "], "548610": ["203459", "Allen                    Crabbe                   "], "548635": ["203460", "Andre                    Roberson                 "], "703474": ["203461", "Anthony                  Bennett                  "], "699948": ["203462", "Archie                   Goodwin                  "], "604898": ["203463", "Ben                      McLemore                 "], "511630": ["203464", "Brandon                  Paul                     "], "550109": ["203467", "Carrick                  Felix                    "], "522878": ["203468", "CJ                       McCollum                 "], "602028": ["203469", "Cody                     Zeller                   "], "739958": ["203471", "Dennis                   Schroder                 "], "552405": ["203472", "Deshaun                  Thomas                   "], "606642": ["203473", "Dewayne                  Dedmon                   "], "524963": ["203474", "DJ                       Stephens                 "], "510954": ["203475", "Erick                    Green                    "], "553158": ["203476", "Gorgui                   Dieng                    "], "509094": ["203477", "Isaiah                   Canaan                   "], "561509": ["203479", "Jamaal                   Franklin                 "], "513429": ["1962936886", "James                    Southerland              "], "457334": ["203481", "Jeff                     Withey                   "], "514882": ["203482", "Kelly                    Olynyk                   "], "602730": ["203484", "Kentavious               Caldwell-Pope            "], "502908": ["203485", "Lorenzo                  Brown                    "], "510790": ["203486", "Mason                    Plumlee                  "], "609790": ["203487", "Michael                  Carter-Williams          "], "520388": ["203488", "Mike                     Muscala                  "], "523820": ["203489", "Nate                     Wolters                  "], "609256": ["203490", "Otto                     Porter Jr.               "], "511068": ["203491", "Peyton                   Siva                     "], "567408": ["203492", "Ray                      McCallum                 "], "552335": ["203493", "Reggie                   Bullock                  "], "715201": ["203495", "Ricky                    Ledo                     "], "525052": ["203496", "Robert                   Covington                "], "739960": ["203497", "Rudy                     Gobert                   "], "697722": ["203498", "Shabazz                  Muhammad                 "], "623253": ["203499", "Shane                    Larkin                   "], "679478": ["203500", "Steven                   Adams                    "], "551771": ["203501", "Tim                      Hardaway Jr.             "], "604490": ["203502", "Tony                     Mitchell                 "], "550991": ["203503", "Tony                     Snell                    "], "605708": ["203504", "Trey                     Burke                    "], "552380": ["203505", "Vander                   Blue                     "], "553166": ["203506", "Victor                   Oladipo                  "], "739957": ["203507", "Giannis                  Antetokounmpo            "], "679323": ["203508", "Sergey                   Karasev                  "], "604681": ["203510", "Pierre                   Jackson                  "], "696047": ["203511", "Grant                    Jerrett                  "], "639296": ["203512", "Lucas                    Nogueira                 "], "512753": ["203513", "Erik                     Murphy                   "], "552183": ["203515", "Phil                     Pressey                  "], "602135": ["203516", "James                    Ennis III                "], "739962": ["203517", "Nemanja                  Nedovic                  "], "739963": ["203518", "Alex                     Abrines                  "], "609820": ["203519", "Adonis                   Thomas                   "], "531447": ["203521", "Matthew                  Dellavedova              "], "509169": ["203524", "Solomon                  Hill                     "], "739966": ["203526", "Raul                     Neto                     "], "510784": ["203527", "Ryan                     Kelly                    "], "506617": ["203529", "Arsalan                  Kazemi                   "], "739968": ["203530", "Joffrey                  Lauvergne                "], "351329": ["203539", "Gal                      Mekel                    "], "478213": ["203540", "Gigi                     Datome                   "], "743822": ["203543", "Vitor                    Faverani                 "], "746146": ["203544", "Pero                     Antic                    "], "553333": ["203545", "Miroslav                 Raduljica                "], "504523": ["203546", "Ian                      Clark                    "], "563279": ["203547", "Eric                     Griffin                  "], "514883": ["203548", "Elias                    Harris                   "], "469453": ["203551", "Dee                      Bost                     "], "463135": ["203552", "Seth                     Curry                    "], "509249": ["203560", "E.J.                     Singler                  "], "508952": ["203561", "Brandon                  Davies                   "], "401097": ["203564", "Kalin                    Lucas                    "], "329713": ["203565", "Patrick                  Christopher              "], "458940": ["203569", "Chris                    Babb                     "], "462459": ["203580", "Larry                    Drew II                  "], "513526": ["203584", "Troy                     Daniels                  "], "506103": ["203585", "Rodney                   McGruder                 "], "561594": ["203586", "Charlie                  Westbrook                "], "553548": ["203613", "Jonathon                 Simmons                  "], "803207": ["203648", "Thanasis                 Antetokounmpo            "], "609567": ["203798", "PJ                       Hairston                 "], "522979": ["203805", "Will                     Cherry                   "], "458958": ["203810", "Casper                   Ware                     "], "461025": ["203816", "Scotty                   Hopson                   "], "553160": ["203893", "Russ                     Smith                    "], "552982": ["203894", "Shabazz                  Napier                   "], "552530": ["203895", "Jordan                   McRae                    "], "743777": ["203897", "Zach                     LaVine                   "], "786387": ["203898", "Tyler                    Ennis                    "], "553184": ["203900", "Markel                   Brown                    "], "608661": ["203901", "Elfrid                   Payton                   "], "660282": ["203902", "Semaj                    Christon                 "], "551975": ["203903", "Jordan                   Clarkson                 "], "552399": ["203905", "Aaron                    Craft                    "], "553557": ["203906", "Devyn                    Marble                   "], "560039": ["203907", "Deonte                   Burton                   "], "604734": ["203909", "KJ                       McDaniels                "], "602418": ["203910", "Nick                     Johnson                  "], "509350": ["203912", "CJ                       Wilcox                   "], "605885": ["203913", "Jabari                   Brown                    "], "712593": ["203914", "Gary                     Harris                   "], "602411": ["203915", "Spencer                  Dinwiddie                "], "698985": ["203917", "Nik                      Stauskas                 "], "603106": ["203918", "Rodney                   Hood                     "], "697719": ["203919", "Jordan                   Adams                    "], "601518": ["203920", "Khem                     Birch                    "], "707829": ["203921", "Cleanthony               Early                    "], "698979": ["203922", "Glenn                    Robinson III             "], "786406": ["203923", "James                    Young                    "], "699826": ["203924", "Jerami                   Grant                    "], "549969": ["203925", "Joe                      Harris                   "], "554804": ["203926", "Doug                     McDermott                "], "552005": ["1962937009", "C.J.                     Fair                     "], "511659": ["203928", "Cory                     Jefferson                "], "548658": ["203929", "Melvin                   Ejim                     "], "511055": ["203930", "Sean                     Kilpatrick               "], "748788": ["203932", "Aaron                    Gordon                   "], "660085": ["203933", "TJ                       Warren                   "], "504905": ["203934", "Lamar                    Patterson                "], "697132": ["203935", "Marcus                   Smart                    "], "697720": ["203937", "Kyle                     Anderson                 "], "552309": ["203939", "Dwight                   Powell                   "], "553607": ["203940", "Adreian                  Payne                    "], "551991": ["203942", "Patric                   Young                    "], "786397": ["203943", "Noah                     Vonleh                   "], "786412": ["203944", "Julius                   Randle                   "], "550993": ["203945", "Alex                     Kirk                     "], "550992": ["203946", "Cameron                  Bairstow                 "], "550101": ["203947", "Jordan                   Bachynski                "], "603100": ["203948", "Johnny                   O'Bryant III             "], "609569": ["1962936368", "Monte                    Mathis                   "], "639269": ["203950", "Jarnell                  Stokes                   "], "553609": ["203951", "Keith                    Appling                  "], "794503": ["203952", "Andrew                   Wiggins                  "], "756880": ["203953", "Jabari                   Parker                   "], "794508": ["203954", "Joel                     Embiid                   "], "575469": ["1962937348", "Bryce                    Cotton                   "], "698982": ["203956", "Mitch                    McGary                   "], "830636": ["203957", "Dante                    Exum                     "], "518947": ["203958", "Andre                    Dawkins                  "], "551992": ["203959", "Scottie                  Wilbekin                 "], "609848": ["203960", "JaKarr                   Sampson                  "], "553542": ["203961", "Eric                     Moreland                 "], "552307": ["203962", "Josh                     Huestis                  "], "508237": ["203963", "Shayne                   Whittington              "], "552983": ["203964", "Roscoe                   Smith                    "], "511641": ["203965", "Justin                   Cobbs                    "], "509250": ["203966", "Jamil                    Wilson                   "], "830641": ["203967", "Dario                    Saric                    "], "513262": ["203968", "Jerrelle                 Benimon                  "], "511647": ["203990", "Drew                     Crawford                 "], "830647": ["203991", "Clint                    Capela                   "], "830642": ["203994", "Jusuf                    Nurkic                   "], "830649": ["203996", "Damien                   Inglis                   "], "830646": ["203998", "Bruno                    Caboclo                  "], "830650": ["203999", "Nikola                   Jokic                    "], "877869": ["204001", "Kristaps                 Porzingis                "], "830651": ["204002", "Edy                      Tavares                  "], "833017": ["204014", "Damjan                   Rudez                    "], "571786": ["204020", "Tyler                    Johnson                  "], "623242": ["204021", "Sim                      Bhullar                  "], "511074": ["204022", "Jack                     Cooley                   "], "515371": ["204024", "Christian                Watford                  "], "513606": ["204025", "Tim                      Frazier                  "], "512749": ["204026", "Brock                    Motum                    "], "502913": ["204027", "Josh                     Davis                    "], "551761": ["204028", "Tarik                    Black                    "], "538549": ["204029", "Brady                    Heslip                   "], "469342": ["204030", "Mitchell                 Watt                     "], "502879": ["204033", "David                    Wear                     "], "521951": ["204034", "Luke                     Hancock                  "], "502881": ["204037", "Travis                   Wear                     "], "551321": ["204038", "Langston                 Galloway                 "], "551759": ["204039", "Chris                    Crawford                 "], "551323": ["204040", "Ronald                   Roberts Jr.              "], "409870": ["204041", "Brian                    Qvale                    "], "699021": ["204044", "Orlando                  Sanchez                  "], "559950": ["204053", "Shawn                    Jones                    "], "561879": ["204054", "Zoran                    Dragic                   "], "553306": ["204060", "Joe                      Ingles                   "], "551757": ["204061", "Joe                      Jackson                  "], "551994": ["204062", "Casey                    Prather                  "], "513550": ["204063", "Kadeem                   Batts                    "], "549974": ["204064", "Akil                     Mitchell                 "], "409834": ["204066", "John                     Holland                  "], "552302": ["1962937131", "Jarell                   Eddie                    "], "568799": ["204071", "Stephen                  Holt                     "], "504906": ["204075", "Talib                    Zanna                    "], "548619": ["204076", "Richard                  Solomon                  "], "276716": ["204077", "Michael                  Jenkins                  "], "851965": ["204078", "Yuki                     Togashi                  "], "457568": ["204079", "Drew                     Gordon                   "], "692119": ["204080", "Geron                    Johnson                  "], "697173": ["204098", "Xavier                   Munford                  "], "395373": ["204136", "Marcus                   Simmons                  "], "395381": ["204179", "Omari                    Johnson                  "], "698952": ["204189", "Jaron                    Johnson                  "], "609258": ["1626268", "Greg                     Whittington              "], "707833": ["1626287", "Nick                     Wiggins                  "], "551787": ["204456", "T.J.                     McConnell                "], "842301": ["1626143", "Jahlil                   Okafor                   "], "877870": ["1626144", "Emmanuel                 Mudiay                   "], "842297": ["1626145", "Tyus                     Jones                    "], "843227": ["1626146", "Cliff                    Alexander                "], "697982": ["1626147", "Justin                   Anderson                 "], "552305": ["1626148", "Anthony                  Brown                    "], "698651": ["1626149", "Montrezl                 Harrell                  "], "786409": ["1626150", "Andrew                   Harrison                 "], "786407": ["1626151", "Aaron                    Harrison                 "], "744102": ["1626153", "Delon                    Wright                   "], "691716": ["1626154", "RJ                       Hunter                   "], "691518": ["1626155", "Sam                      Dekker                   "], "844038": ["1626156", "D'Angelo                 Russell                  "], "837030": ["1626157", "Karl-Anthony             Towns                    "], "695069": ["1626158", "Richaun                  Holmes                   "], "842298": ["1626159", "Justise                  Winslow                  "], "697030": ["1626160", "JP                       Tokoto                   "], "699950": ["1626161", "Willie                   Cauley-Stein             "], "843271": ["1626162", "Kelly                    Oubre Jr.                "], "606731": ["1626163", "Frank                    Kaminsky                 "], "845564": ["1626164", "Devin                    Booker                   "], "696044": ["1626165", "Brandon                  Ashley                   "], "792338": ["1626166", "Cameron                  Payne                    "], "843762": ["1626167", "Myles                    Turner                   "], "845596": ["1626168", "Trey                     Lyles                    "], "844331": ["1626169", "Stanley                  Johnson                  "], "552319": ["1626170", "Jerian                   Grant                    "], "750703": ["1626171", "Bobby                    Portis                   "], "846499": ["1626172", "Kevon                    Looney                   "], "847010": ["1626173", "Rashad                   Vaughn                   "], "750924": ["1626174", "Christian                Wood                     "], "745825": ["1626175", "Jordan                   Mickey                   "], "609792": ["1626176", "Rakeem                   Christmas                "], "750654": ["1626178", "Rondae                   Hollis-Jefferson         "], "786293": ["1626179", "Terry                    Rozier                   "], "696063": ["1626180", "Michael                  Qualls                   "], "609861": ["1626181", "Norman                   Powell                   "], "617259": ["1626182", "Jonathan                 Holmes                   "], "609448": ["1626183", "Branden                  Dawson                   "], "603948": ["1626184", "Chasson                  Randle                   "], "744245": ["1626185", "Jarell                   Martin                   "], "550110": ["1626186", "Corey                    Hawkins                  "], "696291": ["1626187", "Michael                  Frazier                  "], "601140": ["1626188", "Quinn                    Cook                     "], "616440": ["1626189", "Terran                   Petteway                 "], "601176": ["1626190", "Dez                      Wells                    "], "851153": ["1626191", "Chris                    McCullough               "], "601514": ["1626192", "Pat                      Connaughton              "], "695350": ["1626193", "Robert                   Upshaw                   "], "840567": ["1626195", "Willy                    Hernangomez              "], "604288": ["1626196", "Josh                     Richardson               "], "601538": ["1626199", "Darrun                   Hilliard                 "], "613922": ["1626201", "Wesley                   Saunders                 "], "553721": ["1626202", "Joe                      Young                    "], "609818": ["1626203", "Treveon                  Graham                   "], "603640": ["1626204", "Larry                    Nance Jr.                "], "789738": ["1626205", "Vincent                  Hunter                   "], "604737": ["1626207", "Ryan                     Boatright                "], "610683": ["1626208", "Keifer                   Sykes                    "], "840595": ["1626209", "Mario                    Hezonja                  "], "607118": ["1626210", "Alan                     Williams                 "], "609449": ["1626275", "Travis                   Trice II                 "], "740343": ["1626213", "Yanick                   Moreira                  "], "549961": ["1626214", "Bryce                    Dejean-Jones             "], "813466": ["1626217", "Chris                    Walker                   "], "552976": ["1626219", "Juwan                    Staten                   "], "879539": ["1626242", "Luis                     Montero                  "], "839018": ["1626245", "Cristiano                Felicio                  "], "553331": ["1626246", "Boban                    Marjanovic               "], "551959": ["1626251", "Duje                     Dukan                    "], "609326": ["1626252", "Michale                  Kyser                    "], "880954": ["1626253", "Axel                     Toupane                  "], "793447": ["1626254", "Maurice                  Ndour                    "], "555263": ["1626257", "Salah                    Mejri                    "], "568068": ["1626258", "Corey                    Walden                   "], "603959": ["1626259", "Malcolm                  Miller                   "], "610713": ["1626260", "Levi                     Randolph                 "], "608832": ["1626261", "Michael                  Holyfield                "], "696061": ["1626262", "Coty                     Clarke                   "], "605872": ["1626263", "Shannon                  Scott                    "], "562038": ["1626266", "JJ                       O'Brien                  "], "794028": ["1626269", "Denzel                   Livingston               "], "616939": ["1626270", "Will                     Cummings                 "], "525063": ["1626271", "Kyle                     Casey                    "], "551819": ["1626272", "Lazeric                  Jones                    "], "553779": ["1626273", "Marcelo                  Huertas                  "], "601147": ["1626276", "Darion                   Atkins                   "], "466750": ["1962937010", "Jason                    Washburn                 "], "605876": ["1962937012", "Sam                      Thompson                 "], "551772": ["1626281", "Jon                      Horford                  "], "338237": ["1626285", "Kleon                    Penn                     "], "551822": ["1626288", "Joshua                   Smith                    "], "508982": ["1626289", "Marshall                 Henderson                "], "556418": ["1626290", "Corey                    Webster                  "], "332501": ["1626293", "Edgar                    Sosa                     "], "601886": ["1626294", "Jaleel                   Roberts                  "], "604864": ["1962937011", "Nnanna                   Egwu                     "], "552401": ["1626296", "Jordan                   Sibert                   "], "606378": ["1626304", "Youssou                  Ndoye                    "], "567412": ["1626305", "Nick                     Minnerath                "], "333196": ["1626780", "Jonathan                 Gibson                   "], "401629": ["1627098", "Malcolm                  Delaney                  "], "511027": ["1962937132", "Sampson                  Carter                   "], "605972": ["1627292", "Kadeem                   Jack                     "], "329673": ["1962937406", "Orlando                  Johnson                  "], "278594": ["1627322", "Bo                       McCalebb                 "], "609816": ["2004318071", "                                                  "], "602264": ["1627395", "Julian                   Washburn                 "], "886391": ["1627732", "Ben                      Simmons                  "], "920066": ["1627733", "Dragan                   Bender                   "], "850111": ["1627734", "Domantas                 Sabonis                  "], "845888": ["1627735", "Wade                     Baldwin IV               "], "879503": ["1627736", "Malik                    Beasley                  "], "884141": ["1627737", "Marquese                 Chriss                   "], "891177": ["1627738", "Deyonta                  Davis                    "], "698968": ["1627739", "Kris                     Dunn                     "], "882284": ["1627740", "Henry                    Ellenson                 "], "697086": ["1627741", "Buddy                    Hield                    "], "887665": ["1627742", "Brandon                  Ingram                   "], "746335": ["1627743", "Demetrius                Jackson                  "], "697023": ["1627744", "Brice                    Johnson                  "], "745922": ["1627745", "Damian                   Jones                    "], "891349": ["1627746", "Skal                     Labissiere               "], "698991": ["1627747", "Caris                    LeVert                   "], "920067": ["1627748", "Thon                     Maker                    "], "884168": ["1627749", "Dejounte                 Murray                   "], "891352": ["1627750", "Jamal                    Murray                   "], "844478": ["1627751", "Jakob                    Poeltl                   "], "696209": ["1627752", "Taurean                  Prince                   "], "887920": ["1627754", "Diamond                  Stone                    "], "845574": ["1627755", "Tyler                    Ulis                     "], "712595": ["1627756", "Denzel                   Valentine                "], "892930": ["1627757", "Stephen                  Zimmerman                "], "618971": ["1627758", "Ron                      Baker                    "], "883436": ["1627759", "Jaylen                   Brown                    "], "740397": ["1627760", "Cat                      Barber                   "], "795428": ["1627761", "DeAndre'                 Bembry                   "], "679722": ["1627762", "Joel                     Bolomboy                 "], "601146": ["1627763", "Malcolm                  Brogdon                  "], "743703": ["1627765", "Elgin                    Cook                     "], "697068": ["1627766", "Isaiah                   Cousins                  "], "887902": ["1627767", "Cheick                   Diallo                   "], "789776": ["1627770", "Kay                      Felder                   "], "601142": ["1627771", "Michael                  Gbinije                  "], "691488": ["1627773", "AJ                       Hammons                  "], "698664": ["1627774", "Jake                     Layman                   "], "847005": ["1627775", "Patrick                  McCaw                    "], "679381": ["1627777", "Georges                  Niang                    "], "846386": ["1627778", "Chinanu                  Onuaku                   "], "846407": ["1627780", "Gary                     Payton II                "], "891081": ["1627781", "Malachi                  Richardson               "], "794506": ["1627782", "Wayne                    Selden                   "], "853408": ["1627783", "Pascal                   Siakam                   "], "606724": ["1627784", "Jarrod                   Uthoff                   "], "843834": ["1627785", "Isaiah                   Whitehead                "], "786399": ["1627786", "Troy                     Williams                 "], "603098": ["1627787", "Kyle                     Wiltjer                  "], "920091": ["1627789", "Timothe                  Luwawu-Cabarrot          "], "843826": ["1627791", "Ben                      Bentil                   "], "698635": ["1627812", "Yogi                     Ferrell                  "], "609081": ["1627814", "Damion                   Lee                      "], "617257": ["1627815", "Sheldon                  McClellan                "], "699951": ["1627816", "Alex                     Poythress                "], "745827": ["1627817", "Tim                      Quarterman               "], "696049": ["1627818", "Kaleb                    Tarczewski               "], "795435": ["1627819", "Isaiah                   Taylor                   "], "795776": ["1627821", "James                    Webb III                 "], "920082": ["1627823", "Juan                     Hernangomez              "], "920093": ["1627826", "Ivica                    Zubac                    "], "606701": ["1627827", "Dorian                   Finney-Smith             "], "707832": ["1627832", "Fred                     VanVleet                 "], "920078": ["1627834", "Georgios                 Papagiannis              "], "920098": ["1627835", "Paul                     Zipser                   "], "603109": ["1627848", "Shawn                    Long                     "], "697949": ["1627849", "Daniel                   Ochefu                   "], "601143": ["1627850", "Marshall                 Plumlee                  "], "639284": ["1627851", "Mindaugas                Kuzminskas               "], "922594": ["1627852", "Nicolas                  Brussino                 "], "699093": ["1627854", "Bryn                     Forbes                   "], "552199": ["1627855", "Okaro                    White                    "], "712592": ["1627856", "Matt                     Costello                 "], "697969": ["1627861", "Mike                     Tobey                    "], "692110": ["1627863", "Danuel                   House                    "], "660254": ["1627868", "Patricio                 Garino                   "], "696317": ["1627875", "Marcus                   Georges-Hunt             "], "661006": ["1627879", "Nicolas                  Laprovittola             "], "606361": ["1627883", "Jalen                    Jones                    "], "892925": ["1627884", "Derrick                  Jones Jr.                "], "608948": ["1627887", "Trey                     Freeman                  "], "787141": ["1628021", "David                    Nwaba                    "]}