{
  "html-webpack-plugin for \"index.html\"": [
    {
      "modules": {
        "byIdentifier": {
          "node_modules/babel-loader/lib/index.js??ref--2!node_modules/webpack/buildin/module.js": "3IRH",
          "node_modules/babel-loader/lib/index.js??ref--2!node_modules/webpack/buildin/global.js": "DuR2",
          "node_modules/babel-loader/lib/index.js??ref--2!node_modules/lodash/lodash.js": "M4fF",
          "node_modules/html-webpack-plugin/lib/loader.js!node_modules/html-webpack-plugin/default_index.ejs": "a/t9",
          "node_modules/webpack/buildin/amd-options.js": "nErl",
          "node_modules/babel-loader/lib/index.js??ref--1!node_modules/webpack/buildin/module.js": "3IRH",
          "node_modules/babel-loader/lib/index.js??ref--1!node_modules/webpack/buildin/global.js": "DuR2",
          "node_modules/babel-loader/lib/index.js??ref--1!node_modules/lodash/lodash.js": "M4fF",
          "node_modules/html-webpack-plugin/lib/loader.js!src/index.html": "7GO9"
        },
        "usedIds": {
          "3IRH": "3IRH",
          "DuR2": "DuR2",
          "M4fF": "M4fF",
          "a/t9": "a/t9",
          "nErl": "nErl",
          "7GO9": "7GO9"
        }
      },
      "chunks": {
        "byName": {},
        "byBlocks": {},
        "usedIds": {
          "1": 1
        }
      }
    }
  ],
  "html-webpack-plugin for \"another\\index.html\"": [
    {
      "modules": {
        "byIdentifier": {
          "node_modules/babel-loader/lib/index.js??ref--2!node_modules/webpack/buildin/module.js": "3IRH",
          "node_modules/babel-loader/lib/index.js??ref--2!node_modules/webpack/buildin/global.js": "DuR2",
          "node_modules/babel-loader/lib/index.js??ref--2!node_modules/lodash/lodash.js": "M4fF",
          "node_modules/html-webpack-plugin/lib/loader.js!node_modules/html-webpack-plugin/default_index.ejs": "a/t9",
          "node_modules/webpack/buildin/amd-options.js": "nErl",
          "node_modules/babel-loader/lib/index.js??ref--1!node_modules/webpack/buildin/module.js": "3IRH",
          "node_modules/babel-loader/lib/index.js??ref--1!node_modules/webpack/buildin/global.js": "DuR2",
          "node_modules/babel-loader/lib/index.js??ref--1!node_modules/lodash/lodash.js": "M4fF"
        },
        "usedIds": {
          "3IRH": "3IRH",
          "DuR2": "DuR2",
          "M4fF": "M4fF",
          "a/t9": "a/t9",
          "nErl": "nErl"
        }
      },
      "chunks": {
        "byName": {},
        "byBlocks": {},
        "usedIds": {
          "0": 0
        }
      }
    }
  ],
  "extract-text-webpack-plugin node_modules/extract-text-webpack-plugin/dist node_modules/css-loader/index.js!node_modules/postcss-loader/lib/index.js??ref--3-3!src/css/main.css": [
    {
      "modules": {
        "byIdentifier": {
          "node_modules/babel-loader/lib/index.js??ref--2!node_modules/css-loader/lib/css-base.js": "FZ+f",
          "node_modules/css-loader/index.js!node_modules/postcss-loader/lib/index.js?{\"plugins\":[null]}!src/css/main.css": "mKfQ"
        },
        "usedIds": {
          "FZ+f": "FZ+f",
          "mKfQ": "mKfQ"
        }
      },
      "chunks": {
        "byName": {},
        "byBlocks": {},
        "usedIds": {
          "1": 1
        }
      }
    }
  ],
  "modules": {
    "byIdentifier": {
      "node_modules/babel-loader/lib/index.js??ref--2!node_modules/react/lib/onlyChild.js": "5WN7",
      "node_modules/babel-loader/lib/index.js??ref--2!node_modules/react/lib/getIteratorFn.js": "8iJM",
      "node_modules/extract-text-webpack-plugin/dist/loader.js??ref--3-0!node_modules/style-loader/index.js!node_modules/css-loader/index.js!node_modules/postcss-loader/lib/index.js??ref--3-3!src/css/lazy.css": "8nlU",
      "node_modules/babel-loader/lib/index.js??ref--2!node_modules/react/lib/PooledClass.js": "9SWq",
      "node_modules/babel-loader/lib/index.js??ref--2!node_modules/object-assign/index.js": "BEQ0",
      "node_modules/babel-loader/lib/index.js??ref--2!src/lazy.js": "CAm/",
      "node_modules/babel-loader/lib/index.js??ref--2!node_modules/react/lib/ReactNoopUpdateQueue.js": "CO2B",
      "node_modules/babel-loader/lib/index.js??ref--2!node_modules/css-loader/lib/css-base.js": "FZ+f",
      "node_modules/babel-loader/lib/index.js??ref--2!node_modules/react/lib/React.js": "G1ow",
      "node_modules/babel-loader/lib/index.js??ref--2!node_modules/react/lib/ReactVersion.js": "GjCS",
      "node_modules/babel-loader/lib/index.js??ref--2!node_modules/prop-types/checkPropTypes.js": "Ie6m",
      "node_modules/babel-loader/lib/index.js??ref--2!node_modules/react/lib/createClass.js": "JYGa",
      "node_modules/babel-loader/lib/index.js??ref--2!node_modules/prop-types/factoryWithTypeCheckers.js": "JtmH",
      "node_modules/babel-loader/lib/index.js??ref--2!node_modules/react/lib/ReactElementSymbol.js": "KKHy",
      "node_modules/css-loader/index.js!node_modules/postcss-loader/lib/index.js?{}!src/css/main.css": "KZhP",
      "node_modules/babel-loader/lib/index.js??ref--2!node_modules/react/lib/ReactChildren.js": "LTDs",
      "node_modules/style-loader/lib/addStyles.js": "MTIv",
      "node_modules/babel-loader/lib/index.js??ref--2!node_modules/react/lib/traverseAllChildren.js": "MryT",
      "multi react": 0,
      "node_modules/babel-loader/lib/index.js??ref--2!node_modules/react/lib/ReactBaseClasses.js": "O6dE",
      "node_modules/babel-loader/lib/index.js??ref--2!node_modules/react/lib/canDefineProperty.js": "RFlT",
      "node_modules/babel-loader/lib/index.js??ref--2!node_modules/react/lib/ReactPropTypes.js": "S+kE",
      "node_modules/babel-loader/lib/index.js??ref--2!node_modules/fbjs/lib/emptyObject.js": "TJez",
      "node_modules/babel-loader/lib/index.js??ref--2!node_modules/react/react.js": "U7vG",
      "node_modules/babel-loader/lib/index.js??ref--2!node_modules/react/lib/ReactElement.js": "W2D2",
      "node_modules/babel-loader/lib/index.js??ref--2!node_modules/fbjs/lib/warning.js": "YyeZ",
      "node_modules/babel-loader/lib/index.js??ref--2!node_modules/react/lib/reactProdInvariant.js": "ar93",
      "node_modules/babel-loader/lib/index.js??ref--2!node_modules/react/lib/lowPriorityWarning.js": "bVsJ",
      "node_modules/babel-loader/lib/index.js??ref--2!node_modules/fbjs/lib/invariant.js": "cxPT",
      "node_modules/babel-loader/lib/index.js??ref--2!src/another.js": "dbWR",
      "node_modules/babel-loader/lib/index.js??ref--2!node_modules/fbjs/lib/emptyFunction.js": "e6+Q",
      "node_modules/babel-loader/lib/index.js??ref--2!node_modules/prop-types/factory.js": "fQuc",
      "node_modules/babel-loader/lib/index.js??ref--2!node_modules/prop-types/lib/ReactPropTypesSecret.js": "gt/O",
      "node_modules/extract-text-webpack-plugin/dist/loader.js??ref--3-0!node_modules/style-loader/index.js!node_modules/css-loader/index.js!node_modules/postcss-loader/lib/index.js??ref--3-3!src/css/main.css": "jcZh",
      "node_modules/babel-loader/lib/index.js??ref--2!node_modules/react/lib/ReactCurrentOwner.js": "kvXm",
      "node_modules/babel-loader/lib/index.js??ref--2!src/index.js": "lVK7",
      "node_modules/babel-loader/lib/index.js??ref--2!node_modules/style-loader/lib/urls.js": "mJPh",
      "node_modules/babel-loader/lib/index.js??ref--2!node_modules/react/lib/KeyEscapeUtils.js": "pV5o",
      "node_modules/babel-loader/lib/index.js??ref--2!src/component.js": "piMf",
      "node_modules/css-loader/index.js!node_modules/postcss-loader/lib/index.js?{\"plugins\":[null]}!src/css/lazy.css": "vOWM",
      "node_modules/babel-loader/lib/index.js??ref--2!node_modules/react/lib/ReactDOMFactories.js": "vUzd",
      "node_modules/babel-loader/lib/index.js??ref--2!node_modules/create-react-class/factory.js": "wqO5",
      "node_modules/css-loader/index.js!node_modules/postcss-loader/lib/index.js?{}!src/css/lazy.css": "1vXP",
      "node_modules/style-loader/index.js!node_modules/css-loader/index.js!node_modules/sass-loader/lib/loader.js!src/css/main.scss": "DG0N",
      "node_modules/css-loader/index.js!node_modules/sass-loader/lib/loader.js!src/css/main.scss": "eWi3",
      "node_modules/babel-loader/lib/index.js??ref--1!node_modules/react/lib/onlyChild.js": "5WN7",
      "node_modules/babel-loader/lib/index.js??ref--1!node_modules/react/lib/getIteratorFn.js": "8iJM",
      "node_modules/extract-text-webpack-plugin/dist/loader.js??ref--2-0!node_modules/style-loader/index.js!node_modules/css-loader/index.js!node_modules/postcss-loader/lib/index.js??ref--2-3!node_modules/sass-loader/lib/loader.js!src/css/lazy.css": "8nlU",
      "node_modules/babel-loader/lib/index.js??ref--1!node_modules/react/lib/PooledClass.js": "9SWq",
      "node_modules/babel-loader/lib/index.js??ref--1!node_modules/object-assign/index.js": "BEQ0",
      "node_modules/babel-loader/lib/index.js??ref--1!src/lazy.js": "CAm/",
      "node_modules/babel-loader/lib/index.js??ref--1!node_modules/react/lib/ReactNoopUpdateQueue.js": "CO2B",
      "node_modules/extract-text-webpack-plugin/dist/loader.js??ref--2-0!node_modules/style-loader/index.js!node_modules/css-loader/index.js!node_modules/postcss-loader/lib/index.js??ref--2-3!node_modules/sass-loader/lib/loader.js!src/css/main.scss": "DG0N",
      "node_modules/babel-loader/lib/index.js??ref--1!node_modules/css-loader/lib/css-base.js": "FZ+f",
      "node_modules/babel-loader/lib/index.js??ref--1!node_modules/react/lib/React.js": "G1ow",
      "node_modules/babel-loader/lib/index.js??ref--1!node_modules/react/lib/ReactVersion.js": "GjCS",
      "node_modules/babel-loader/lib/index.js??ref--1!node_modules/prop-types/checkPropTypes.js": "Ie6m",
      "node_modules/babel-loader/lib/index.js??ref--1!node_modules/react/lib/createClass.js": "JYGa",
      "node_modules/babel-loader/lib/index.js??ref--1!node_modules/prop-types/factoryWithTypeCheckers.js": "JtmH",
      "node_modules/babel-loader/lib/index.js??ref--1!node_modules/react/lib/ReactElementSymbol.js": "KKHy",
      "node_modules/babel-loader/lib/index.js??ref--1!node_modules/react/lib/ReactChildren.js": "LTDs",
      "node_modules/babel-loader/lib/index.js??ref--1!node_modules/react/lib/traverseAllChildren.js": "MryT",
      "node_modules/babel-loader/lib/index.js??ref--1!node_modules/react/lib/ReactBaseClasses.js": "O6dE",
      "node_modules/babel-loader/lib/index.js??ref--1!node_modules/react/lib/canDefineProperty.js": "RFlT",
      "node_modules/babel-loader/lib/index.js??ref--1!node_modules/react/lib/ReactPropTypes.js": "S+kE",
      "node_modules/babel-loader/lib/index.js??ref--1!node_modules/fbjs/lib/emptyObject.js": "TJez",
      "node_modules/babel-loader/lib/index.js??ref--1!node_modules/react/react.js": "U7vG",
      "node_modules/babel-loader/lib/index.js??ref--1!node_modules/react/lib/ReactElement.js": "W2D2",
      "node_modules/babel-loader/lib/index.js??ref--1!node_modules/fbjs/lib/warning.js": "YyeZ",
      "node_modules/css-loader/index.js!node_modules/postcss-loader/lib/index.js?{}!node_modules/sass-loader/lib/loader.js!src/css/main.scss": "akob",
      "node_modules/babel-loader/lib/index.js??ref--1!node_modules/react/lib/reactProdInvariant.js": "ar93",
      "node_modules/babel-loader/lib/index.js??ref--1!node_modules/react/lib/lowPriorityWarning.js": "bVsJ",
      "node_modules/css-loader/index.js!node_modules/postcss-loader/lib/index.js?{\"plugins\":[null]}!node_modules/sass-loader/lib/loader.js!src/css/lazy.css": "cUeJ",
      "node_modules/babel-loader/lib/index.js??ref--1!node_modules/fbjs/lib/invariant.js": "cxPT",
      "node_modules/babel-loader/lib/index.js??ref--1!src/another.js": "dbWR",
      "node_modules/babel-loader/lib/index.js??ref--1!node_modules/fbjs/lib/emptyFunction.js": "e6+Q",
      "node_modules/babel-loader/lib/index.js??ref--1!node_modules/prop-types/factory.js": "fQuc",
      "node_modules/babel-loader/lib/index.js??ref--1!node_modules/prop-types/lib/ReactPropTypesSecret.js": "gt/O",
      "node_modules/babel-loader/lib/index.js??ref--1!node_modules/react/lib/ReactCurrentOwner.js": "kvXm",
      "node_modules/babel-loader/lib/index.js??ref--1!src/index.js": "lVK7",
      "node_modules/babel-loader/lib/index.js??ref--1!node_modules/style-loader/lib/urls.js": "mJPh",
      "node_modules/babel-loader/lib/index.js??ref--1!node_modules/react/lib/KeyEscapeUtils.js": "pV5o",
      "node_modules/babel-loader/lib/index.js??ref--1!src/component.js": "piMf",
      "node_modules/babel-loader/lib/index.js??ref--1!node_modules/react/lib/ReactDOMFactories.js": "vUzd",
      "node_modules/babel-loader/lib/index.js??ref--1!node_modules/create-react-class/factory.js": "wqO5",
      "node_modules/babel-loader/lib/index.js??ref--1!src/js/index.js": "vGYV",
      "node_modules/file-loader/index.js??ref--0!src/fonts/LatoLatin-Regular.woff2": "/V7I",
      "node_modules/file-loader/index.js??ref--0!src/fonts/LatoLatin-Hairline.woff2": "0UXH",
      "node_modules/file-loader/index.js??ref--0!src/fonts/LatoLatin-Thin.woff2": "3/wE",
      "node_modules/file-loader/index.js??ref--0!src/fonts/LatoLatin-Medium.woff2": "6I/I",
      "node_modules/file-loader/index.js??ref--0!src/fonts/LatoLatin-HeavyItalic.woff2": "D+/u",
      "node_modules/file-loader/index.js??ref--0!src/fonts/LatoLatin-Heavy.woff2": "D/zb",
      "node_modules/file-loader/index.js??ref--0!src/fonts/LatoLatin-Black.woff2": "FaVK",
      "node_modules/file-loader/index.js??ref--0!src/fonts/LatoLatin-HairlineItalic.woff2": "GqNE",
      "node_modules/file-loader/index.js??ref--0!src/fonts/LatoLatin-BoldItalic.woff2": "H9Cy",
      "node_modules/file-loader/index.js??ref--0!src/fonts/LatoLatin-LightItalic.woff2": "Ol8S",
      "node_modules/file-loader/index.js??ref--0!src/fonts/LatoLatin-MediumItalic.woff2": "QW4x",
      "node_modules/file-loader/index.js??ref--0!src/fonts/LatoLatin-BlackItalic.woff2": "RTCm",
      "node_modules/file-loader/index.js??ref--0!src/fonts/LatoLatin-Light.woff2": "RmwW",
      "node_modules/url-loader/index.js??ref--3!src/images/headshot.jpg": "TEA3",
      "node_modules/file-loader/index.js??ref--0!src/fonts/LatoLatin-Semibold.woff2": "VSYH",
      "node_modules/file-loader/index.js??ref--0!src/fonts/LatoLatin-Italic.woff2": "ZuLA",
      "node_modules/file-loader/index.js??ref--0!src/fonts/LatoLatin-ThinItalic.woff2": "e4JE",
      "node_modules/file-loader/index.js??ref--0!src/fonts/LatoLatin-Bold.woff2": "p6j5",
      "node_modules/file-loader/index.js??ref--0!src/fonts/LatoLatin-SemiboldItalic.woff2": "tPdH",
      "node_modules/url-loader/index.js??ref--3!src/images/linkedin.png": "Ek47",
      "node_modules/url-loader/index.js??ref--3!src/images/mail.png": "S9v0",
      "node_modules/babel-loader/lib/index.js??ref--1!node_modules/d3/build/d3.js": "f4AQ",
      "node_modules/url-loader/index.js??ref--3!src/images/github.png": "m1Ln",
      "node_modules/babel-loader/lib/index.js??ref--1!node_modules/webpack/buildin/module.js": "3IRH",
      "node_modules/babel-loader/lib/index.js??ref--1!node_modules/jquery/dist/jquery.js": "7t+N",
      "node_modules/babel-loader/lib/index.js??ref--1!src/js/listeners.js": "Jlkg"
    },
    "usedIds": {
      "0": 0,
      "5WN7": "5WN7",
      "8iJM": "8iJM",
      "8nlU": "8nlU",
      "9SWq": "9SWq",
      "BEQ0": "BEQ0",
      "CAm/": "CAm/",
      "CO2B": "CO2B",
      "FZ+f": "FZ+f",
      "G1ow": "G1ow",
      "GjCS": "GjCS",
      "Ie6m": "Ie6m",
      "JYGa": "JYGa",
      "JtmH": "JtmH",
      "KKHy": "KKHy",
      "KZhP": "KZhP",
      "LTDs": "LTDs",
      "MTIv": "MTIv",
      "MryT": "MryT",
      "O6dE": "O6dE",
      "RFlT": "RFlT",
      "S+kE": "S+kE",
      "TJez": "TJez",
      "U7vG": "U7vG",
      "W2D2": "W2D2",
      "YyeZ": "YyeZ",
      "ar93": "ar93",
      "bVsJ": "bVsJ",
      "cxPT": "cxPT",
      "dbWR": "dbWR",
      "e6+Q": "e6+Q",
      "fQuc": "fQuc",
      "gt/O": "gt/O",
      "jcZh": "jcZh",
      "kvXm": "kvXm",
      "lVK7": "lVK7",
      "mJPh": "mJPh",
      "pV5o": "pV5o",
      "piMf": "piMf",
      "vOWM": "vOWM",
      "vUzd": "vUzd",
      "wqO5": "wqO5",
      "1vXP": "1vXP",
      "DG0N": "DG0N",
      "eWi3": "eWi3",
      "akob": "akob",
      "cUeJ": "cUeJ",
      "vGYV": "vGYV",
      "/V7I": "/V7I",
      "0UXH": "0UXH",
      "3/wE": "3/wE",
      "6I/I": "6I/I",
      "D+/u": "D+/u",
      "D/zb": "D/zb",
      "FaVK": "FaVK",
      "GqNE": "GqNE",
      "H9Cy": "H9Cy",
      "Ol8S": "Ol8S",
      "QW4x": "QW4x",
      "RTCm": "RTCm",
      "RmwW": "RmwW",
      "TEA3": "TEA3",
      "VSYH": "VSYH",
      "ZuLA": "ZuLA",
      "e4JE": "e4JE",
      "p6j5": "p6j5",
      "tPdH": "tPdH",
      "Ek47": "Ek47",
      "S9v0": "S9v0",
      "f4AQ": "f4AQ",
      "m1Ln": "m1Ln",
      "3IRH": "3IRH",
      "7t+N": "7t+N",
      "Jlkg": "Jlkg"
    }
  },
  "chunks": {
    "byName": {
      "vendor": 1,
      "main": 2,
      "another": 3,
      "manifest": 4
    },
    "byBlocks": {
      "node_modules/babel-loader/lib/index.js??ref--2!src/component.js:0/0": 0,
      "node_modules/babel-loader/lib/index.js??ref--1!src/component.js:0/0": 5
    },
    "usedIds": {
      "1": 1,
      "2": 2,
      "4": 4
    }
  },
  "extract-text-webpack-plugin node_modules/extract-text-webpack-plugin/dist node_modules/css-loader/index.js!node_modules/postcss-loader/lib/index.js??ref--2-3!node_modules/sass-loader/lib/loader.js!src/css/main.scss": [
    {
      "modules": {
        "byIdentifier": {
          "node_modules/babel-loader/lib/index.js??ref--1!node_modules/css-loader/lib/css-base.js": "FZ+f",
          "node_modules/css-loader/index.js!node_modules/postcss-loader/lib/index.js?{\"plugins\":[null]}!node_modules/sass-loader/lib/loader.js!src/css/main.scss": "Jpdn",
          "node_modules/file-loader/index.js??ref--0!src/fonts/LatoLatin-Regular.woff2": "/V7I",
          "node_modules/file-loader/index.js??ref--0!src/fonts/LatoLatin-Hairline.woff2": "0UXH",
          "node_modules/file-loader/index.js??ref--0!src/fonts/LatoLatin-Thin.woff2": "3/wE",
          "node_modules/file-loader/index.js??ref--0!src/fonts/LatoLatin-Medium.woff2": "6I/I",
          "node_modules/file-loader/index.js??ref--0!src/fonts/LatoLatin-HeavyItalic.woff2": "D+/u",
          "node_modules/file-loader/index.js??ref--0!src/fonts/LatoLatin-Heavy.woff2": "D/zb",
          "node_modules/file-loader/index.js??ref--0!src/fonts/LatoLatin-Black.woff2": "FaVK",
          "node_modules/file-loader/index.js??ref--0!src/fonts/LatoLatin-HairlineItalic.woff2": "GqNE",
          "node_modules/file-loader/index.js??ref--0!src/fonts/LatoLatin-BoldItalic.woff2": "H9Cy",
          "node_modules/file-loader/index.js??ref--0!src/fonts/LatoLatin-LightItalic.woff2": "Ol8S",
          "node_modules/file-loader/index.js??ref--0!src/fonts/LatoLatin-MediumItalic.woff2": "QW4x",
          "node_modules/file-loader/index.js??ref--0!src/fonts/LatoLatin-BlackItalic.woff2": "RTCm",
          "node_modules/file-loader/index.js??ref--0!src/fonts/LatoLatin-Light.woff2": "RmwW",
          "node_modules/url-loader/index.js??ref--3!src/images/headshot.jpg": "TEA3",
          "node_modules/file-loader/index.js??ref--0!src/fonts/LatoLatin-Semibold.woff2": "VSYH",
          "node_modules/file-loader/index.js??ref--0!src/fonts/LatoLatin-Italic.woff2": "ZuLA",
          "node_modules/file-loader/index.js??ref--0!src/fonts/LatoLatin-ThinItalic.woff2": "e4JE",
          "node_modules/file-loader/index.js??ref--0!src/fonts/LatoLatin-Bold.woff2": "p6j5",
          "node_modules/file-loader/index.js??ref--0!src/fonts/LatoLatin-SemiboldItalic.woff2": "tPdH",
          "node_modules/url-loader/index.js??ref--3!src/images/linkedin.png": "Ek47",
          "node_modules/url-loader/index.js??ref--3!src/images/mail.png": "S9v0",
          "node_modules/url-loader/index.js??ref--3!src/images/github.png": "m1Ln"
        },
        "usedIds": {
          "FZ+f": "FZ+f",
          "Jpdn": "Jpdn",
          "/V7I": "/V7I",
          "0UXH": "0UXH",
          "3/wE": "3/wE",
          "6I/I": "6I/I",
          "D+/u": "D+/u",
          "D/zb": "D/zb",
          "FaVK": "FaVK",
          "GqNE": "GqNE",
          "H9Cy": "H9Cy",
          "Ol8S": "Ol8S",
          "QW4x": "QW4x",
          "RTCm": "RTCm",
          "RmwW": "RmwW",
          "TEA3": "TEA3",
          "VSYH": "VSYH",
          "ZuLA": "ZuLA",
          "e4JE": "e4JE",
          "p6j5": "p6j5",
          "tPdH": "tPdH",
          "Ek47": "Ek47",
          "S9v0": "S9v0",
          "m1Ln": "m1Ln"
        }
      },
      "chunks": {
        "byName": {},
        "byBlocks": {},
        "usedIds": {
          "0": 0
        }
      }
    }
  ]
}